-- phpMyAdmin SQL Dump
-- version 5.2.0
-- https://www.phpmyadmin.net/
--
-- Hôte : 127.0.0.1:3306
-- Généré le : mer. 03 déc. 2025 à 09:16
-- Version du serveur : 8.0.31
-- Version de PHP : 8.0.26

SET SQL_MODE = "NO_AUTO_VALUE_ON_ZERO";
START TRANSACTION;
SET time_zone = "+00:00";


/*!40101 SET @OLD_CHARACTER_SET_CLIENT=@@CHARACTER_SET_CLIENT */;
/*!40101 SET @OLD_CHARACTER_SET_RESULTS=@@CHARACTER_SET_RESULTS */;
/*!40101 SET @OLD_COLLATION_CONNECTION=@@COLLATION_CONNECTION */;
/*!40101 SET NAMES utf8mb4 */;

--
-- Base de données : `mots_meles`
--

-- --------------------------------------------------------

--
-- Structure de la table `grids`
--

DROP TABLE IF EXISTS `grids`;
CREATE TABLE IF NOT EXISTS `grids` (
  `id` int NOT NULL AUTO_INCREMENT,
  `title` varchar(255) COLLATE utf8mb4_unicode_ci NOT NULL,
  `size` int NOT NULL,
  `created_by` int NOT NULL,
  `created_at` timestamp NULL DEFAULT CURRENT_TIMESTAMP,
  PRIMARY KEY (`id`)
) ENGINE=MyISAM AUTO_INCREMENT=10 DEFAULT CHARSET=utf8mb4 COLLATE=utf8mb4_unicode_ci;

--
-- Déchargement des données de la table `grids`
--

INSERT INTO `grids` (`id`, `title`, `size`, `created_by`, `created_at`) VALUES
(4, 'Animaux de la savane', 12, 1, '2025-12-01 20:37:19'),
(8, 'Technologie', 15, 1, '2025-12-01 20:40:38'),
(5, 'Fruits exotiques', 10, 1, '2025-12-01 20:38:16'),
(6, 'Animaux préhistoriques', 18, 1, '2025-12-01 20:38:53'),
(7, 'Mythologie grecque', 14, 1, '2025-12-01 20:39:40'),
(9, 'Escape Game', 12, 1, '2025-12-01 20:47:18');

-- --------------------------------------------------------

--
-- Structure de la table `grid_cells`
--

DROP TABLE IF EXISTS `grid_cells`;
CREATE TABLE IF NOT EXISTS `grid_cells` (
  `id` int NOT NULL AUTO_INCREMENT,
  `grid_id` int NOT NULL,
  `x` int NOT NULL,
  `y` int NOT NULL,
  `letter` char(1) COLLATE utf8mb4_unicode_ci NOT NULL,
  PRIMARY KEY (`id`),
  KEY `grid_id` (`grid_id`)
) ENGINE=MyISAM AUTO_INCREMENT=1868 DEFAULT CHARSET=utf8mb4 COLLATE=utf8mb4_unicode_ci;

--
-- Déchargement des données de la table `grid_cells`
--

INSERT INTO `grid_cells` (`id`, `grid_id`, `x`, `y`, `letter`) VALUES
(1, 1, 0, 0, 'G'),
(2, 1, 0, 1, 'O'),
(3, 1, 0, 2, 'H'),
(4, 1, 0, 3, 'K'),
(5, 1, 0, 4, 'O'),
(6, 1, 0, 5, 'D'),
(7, 1, 0, 6, 'J'),
(8, 1, 0, 7, 'Y'),
(9, 1, 0, 8, 'U'),
(10, 1, 0, 9, 'W'),
(11, 1, 1, 0, 'U'),
(12, 1, 1, 1, 'V'),
(13, 1, 1, 2, 'Y'),
(14, 1, 1, 3, 'I'),
(15, 1, 1, 4, 'J'),
(16, 1, 1, 5, 'O'),
(17, 1, 1, 6, 'X'),
(18, 1, 1, 7, 'V'),
(19, 1, 1, 8, 'N'),
(20, 1, 1, 9, 'O'),
(21, 1, 2, 0, 'S'),
(22, 1, 2, 1, 'Q'),
(23, 1, 2, 2, 'A'),
(24, 1, 2, 3, 'Q'),
(25, 1, 2, 4, 'V'),
(26, 1, 2, 5, 'Q'),
(27, 1, 2, 6, 'L'),
(28, 1, 2, 7, 'P'),
(29, 1, 2, 8, 'O'),
(30, 1, 2, 9, 'L'),
(31, 1, 3, 0, 'S'),
(32, 1, 3, 1, 'V'),
(33, 1, 3, 2, 'M'),
(34, 1, 3, 3, 'I'),
(35, 1, 3, 4, 'G'),
(36, 1, 3, 5, 'U'),
(37, 1, 3, 6, 'I'),
(38, 1, 3, 7, 'Y'),
(39, 1, 3, 8, 'F'),
(40, 1, 3, 9, 'Q'),
(41, 1, 4, 0, 'H'),
(42, 1, 4, 1, 'F'),
(43, 1, 4, 2, 'B'),
(44, 1, 4, 3, 'T'),
(45, 1, 4, 4, 'J'),
(46, 1, 4, 5, 'H'),
(47, 1, 4, 6, 'O'),
(48, 1, 4, 7, 'N'),
(49, 1, 4, 8, 'J'),
(50, 1, 4, 9, 'D'),
(51, 1, 5, 0, 'M'),
(52, 1, 5, 1, 'K'),
(53, 1, 5, 2, 'Y'),
(54, 1, 5, 3, 'M'),
(55, 1, 5, 4, 'V'),
(56, 1, 5, 5, 'R'),
(57, 1, 5, 6, 'N'),
(58, 1, 5, 7, 'W'),
(59, 1, 5, 8, 'F'),
(60, 1, 5, 9, 'N'),
(61, 1, 6, 0, 'N'),
(62, 1, 6, 1, 'M'),
(63, 1, 6, 2, 'L'),
(64, 1, 6, 3, 'M'),
(65, 1, 6, 4, 'C'),
(66, 1, 6, 5, 'H'),
(67, 1, 6, 6, 'I'),
(68, 1, 6, 7, 'E'),
(69, 1, 6, 8, 'N'),
(70, 1, 6, 9, 'K'),
(71, 1, 7, 0, 'S'),
(72, 1, 7, 1, 'S'),
(73, 1, 7, 2, 'O'),
(74, 1, 7, 3, 'U'),
(75, 1, 7, 4, 'R'),
(76, 1, 7, 5, 'I'),
(77, 1, 7, 6, 'S'),
(78, 1, 7, 7, 'P'),
(79, 1, 7, 8, 'R'),
(80, 1, 7, 9, 'Q'),
(81, 1, 8, 0, 'R'),
(82, 1, 8, 1, 'C'),
(83, 1, 8, 2, 'H'),
(84, 1, 8, 3, 'A'),
(85, 1, 8, 4, 'T'),
(86, 1, 8, 5, 'G'),
(87, 1, 8, 6, 'N'),
(88, 1, 8, 7, 'O'),
(89, 1, 8, 8, 'J'),
(90, 1, 8, 9, 'K'),
(91, 1, 9, 0, 'R'),
(92, 1, 9, 1, 'Q'),
(93, 1, 9, 2, 'X'),
(94, 1, 9, 3, 'B'),
(95, 1, 9, 4, 'D'),
(96, 1, 9, 5, 'B'),
(97, 1, 9, 6, 'X'),
(98, 1, 9, 7, 'Z'),
(99, 1, 9, 8, 'R'),
(100, 1, 9, 9, 'W'),
(101, 2, 0, 0, 'V'),
(102, 2, 0, 1, 'I'),
(103, 2, 0, 2, 'E'),
(104, 2, 0, 3, 'N'),
(105, 2, 0, 4, 'N'),
(106, 2, 0, 5, 'A'),
(107, 2, 0, 6, 'L'),
(108, 2, 0, 7, 'I'),
(109, 2, 0, 8, 'S'),
(110, 2, 0, 9, 'B'),
(111, 2, 0, 10, 'O'),
(112, 2, 0, 11, 'N'),
(113, 2, 0, 12, 'N'),
(114, 2, 0, 13, 'E'),
(115, 2, 1, 0, 'Z'),
(116, 2, 1, 1, 'L'),
(117, 2, 1, 2, 'H'),
(118, 2, 1, 3, 'F'),
(119, 2, 1, 4, 'P'),
(120, 2, 1, 5, 'S'),
(121, 2, 1, 6, 'W'),
(122, 2, 1, 7, 'F'),
(123, 2, 1, 8, 'W'),
(124, 2, 1, 9, 'C'),
(125, 2, 1, 10, 'X'),
(126, 2, 1, 11, 'S'),
(127, 2, 1, 12, 'M'),
(128, 2, 1, 13, 'S'),
(129, 2, 2, 0, 'I'),
(130, 2, 2, 1, 'S'),
(131, 2, 2, 2, 'J'),
(132, 2, 2, 3, 'A'),
(133, 2, 2, 4, 'N'),
(134, 2, 2, 5, 'G'),
(135, 2, 2, 6, 'S'),
(136, 2, 2, 7, 'E'),
(137, 2, 2, 8, 'O'),
(138, 2, 2, 9, 'U'),
(139, 2, 2, 10, 'L'),
(140, 2, 2, 11, 'O'),
(141, 2, 2, 12, 'F'),
(142, 2, 2, 13, 'V'),
(143, 2, 3, 0, 'P'),
(144, 2, 3, 1, 'A'),
(145, 2, 3, 2, 'R'),
(146, 2, 3, 3, 'D'),
(147, 2, 3, 4, 'J'),
(148, 2, 3, 5, 'R'),
(149, 2, 3, 6, 'K'),
(150, 2, 3, 7, 'L'),
(151, 2, 3, 8, 'A'),
(152, 2, 3, 9, 'X'),
(153, 2, 3, 10, 'S'),
(154, 2, 3, 11, 'O'),
(155, 2, 3, 12, 'K'),
(156, 2, 3, 13, 'D'),
(157, 2, 4, 0, 'M'),
(158, 2, 4, 1, 'I'),
(159, 2, 4, 2, 'B'),
(160, 2, 4, 3, 'S'),
(161, 2, 4, 4, 'F'),
(162, 2, 4, 5, 'E'),
(163, 2, 4, 6, 'Z'),
(164, 2, 4, 7, 'L'),
(165, 2, 4, 8, 'O'),
(166, 2, 4, 9, 'C'),
(167, 2, 4, 10, 'Z'),
(168, 2, 4, 11, 'S'),
(169, 2, 4, 12, 'M'),
(170, 2, 4, 13, 'I'),
(171, 2, 5, 0, 'S'),
(172, 2, 5, 1, 'M'),
(173, 2, 5, 2, 'H'),
(174, 2, 5, 3, 'U'),
(175, 2, 5, 4, 'O'),
(176, 2, 5, 5, 'D'),
(177, 2, 5, 6, 'W'),
(178, 2, 5, 7, 'Z'),
(179, 2, 5, 8, 'O'),
(180, 2, 5, 9, 'C'),
(181, 2, 5, 10, 'Z'),
(182, 2, 5, 11, 'L'),
(183, 2, 5, 12, 'A'),
(184, 2, 5, 13, 'W'),
(185, 2, 6, 0, 'G'),
(186, 2, 6, 1, 'N'),
(187, 2, 6, 2, 'V'),
(188, 2, 6, 3, 'M'),
(189, 2, 6, 4, 'D'),
(190, 2, 6, 5, 'D'),
(191, 2, 6, 6, 'B'),
(192, 2, 6, 7, 'U'),
(193, 2, 6, 8, 'S'),
(194, 2, 6, 9, 'S'),
(195, 2, 6, 10, 'N'),
(196, 2, 6, 11, 'O'),
(197, 2, 6, 12, 'D'),
(198, 2, 6, 13, 'A'),
(199, 2, 7, 0, 'Z'),
(200, 2, 7, 1, 'V'),
(201, 2, 7, 2, 'Q'),
(202, 2, 7, 3, 'E'),
(203, 2, 7, 4, 'D'),
(204, 2, 7, 5, 'G'),
(205, 2, 7, 6, 'E'),
(206, 2, 7, 7, 'B'),
(207, 2, 7, 8, 'U'),
(208, 2, 7, 9, 'Y'),
(209, 2, 7, 10, 'N'),
(210, 2, 7, 11, 'X'),
(211, 2, 7, 12, 'R'),
(212, 2, 7, 13, 'F'),
(213, 2, 8, 0, 'O'),
(214, 2, 8, 1, 'Y'),
(215, 2, 8, 2, 'K'),
(216, 2, 8, 3, 'O'),
(217, 2, 8, 4, 'T'),
(218, 2, 8, 5, 'Y'),
(219, 2, 8, 6, 'R'),
(220, 2, 8, 7, 'W'),
(221, 2, 8, 8, 'B'),
(222, 2, 8, 9, 'C'),
(223, 2, 8, 10, 'D'),
(224, 2, 8, 11, 'B'),
(225, 2, 8, 12, 'I'),
(226, 2, 8, 13, 'N'),
(227, 2, 9, 0, 'P'),
(228, 2, 9, 1, 'X'),
(229, 2, 9, 2, 'S'),
(230, 2, 9, 3, 'E'),
(231, 2, 9, 4, 'J'),
(232, 2, 9, 5, 'A'),
(233, 2, 9, 6, 'L'),
(234, 2, 9, 7, 'S'),
(235, 2, 9, 8, 'M'),
(236, 2, 9, 9, 'H'),
(237, 2, 9, 10, 'H'),
(238, 2, 9, 11, 'N'),
(239, 2, 9, 12, 'D'),
(240, 2, 9, 13, 'U'),
(241, 2, 10, 0, 'A'),
(242, 2, 10, 1, 'T'),
(243, 2, 10, 2, 'H'),
(244, 2, 10, 3, 'E'),
(245, 2, 10, 4, 'N'),
(246, 2, 10, 5, 'S'),
(247, 2, 10, 6, 'I'),
(248, 2, 10, 7, 'V'),
(249, 2, 10, 8, 'U'),
(250, 2, 10, 9, 'Y'),
(251, 2, 10, 10, 'G'),
(252, 2, 10, 11, 'F'),
(253, 2, 10, 12, 'E'),
(254, 2, 10, 13, 'Z'),
(255, 2, 11, 0, 'L'),
(256, 2, 11, 1, 'A'),
(257, 2, 11, 2, 'E'),
(258, 2, 11, 3, 'M'),
(259, 2, 11, 4, 'O'),
(260, 2, 11, 5, 'R'),
(261, 2, 11, 6, 'N'),
(262, 2, 11, 7, 'E'),
(263, 2, 11, 8, 'Z'),
(264, 2, 11, 9, 'Y'),
(265, 2, 11, 10, 'U'),
(266, 2, 11, 11, 'S'),
(267, 2, 11, 12, 'B'),
(268, 2, 11, 13, 'Y'),
(269, 2, 12, 0, 'L'),
(270, 2, 12, 1, 'R'),
(271, 2, 12, 2, 'O'),
(272, 2, 12, 3, 'O'),
(273, 2, 12, 4, 'O'),
(274, 2, 12, 5, 'F'),
(275, 2, 12, 6, 'L'),
(276, 2, 12, 7, 'O'),
(277, 2, 12, 8, 'N'),
(278, 2, 12, 9, 'D'),
(279, 2, 12, 10, 'R'),
(280, 2, 12, 11, 'E'),
(281, 2, 12, 12, 'S'),
(282, 2, 12, 13, 'Y'),
(283, 2, 13, 0, 'G'),
(284, 2, 13, 1, 'W'),
(285, 2, 13, 2, 'D'),
(286, 2, 13, 3, 'J'),
(287, 2, 13, 4, 'C'),
(288, 2, 13, 5, 'E'),
(289, 2, 13, 6, 'B'),
(290, 2, 13, 7, 'E'),
(291, 2, 13, 8, 'U'),
(292, 2, 13, 9, 'Q'),
(293, 2, 13, 10, 'L'),
(294, 2, 13, 11, 'E'),
(295, 2, 13, 12, 'C'),
(296, 2, 13, 13, 'C'),
(1235, 8, 9, 1, 'V'),
(1234, 8, 8, 1, 'U'),
(1233, 8, 7, 1, 'U'),
(1232, 8, 6, 1, 'U'),
(1231, 8, 5, 1, 'F'),
(1230, 8, 4, 1, 'T'),
(1229, 8, 3, 1, 'R'),
(1228, 8, 2, 1, 'N'),
(1227, 8, 1, 1, 'O'),
(1226, 8, 0, 1, 'P'),
(1225, 8, 14, 0, 'A'),
(1224, 8, 13, 0, 'K'),
(1223, 8, 12, 0, 'S'),
(1222, 8, 11, 0, 'X'),
(1221, 8, 10, 0, 'D'),
(1220, 8, 9, 0, 'N'),
(1219, 8, 8, 0, 'A'),
(1218, 8, 7, 0, 'R'),
(1217, 8, 6, 0, 'R'),
(1216, 8, 5, 0, 'H'),
(1215, 8, 4, 0, 'H'),
(1214, 8, 3, 0, 'D'),
(1213, 8, 2, 0, 'T'),
(1212, 8, 1, 0, 'M'),
(1211, 8, 0, 0, 'L'),
(447, 4, 0, 0, 'H'),
(448, 4, 1, 0, 'T'),
(449, 4, 2, 0, 'N'),
(450, 4, 3, 0, 'A'),
(451, 4, 4, 0, 'H'),
(452, 4, 5, 0, 'P'),
(453, 4, 6, 0, 'E'),
(454, 4, 7, 0, 'L'),
(455, 4, 8, 0, 'E'),
(456, 4, 9, 0, 'B'),
(457, 4, 10, 0, 'Q'),
(458, 4, 11, 0, 'P'),
(459, 4, 0, 1, 'C'),
(460, 4, 1, 1, 'Z'),
(461, 4, 2, 1, 'U'),
(462, 4, 3, 1, 'F'),
(463, 4, 4, 1, 'M'),
(464, 4, 5, 1, 'S'),
(465, 4, 6, 1, 'Q'),
(466, 4, 7, 1, 'C'),
(467, 4, 8, 1, 'D'),
(468, 4, 9, 1, 'E'),
(469, 4, 10, 1, 'T'),
(470, 4, 11, 1, 'H'),
(471, 4, 0, 2, 'H'),
(472, 4, 1, 2, 'E'),
(473, 4, 2, 2, 'R'),
(474, 4, 3, 2, 'G'),
(475, 4, 4, 2, 'I'),
(476, 4, 5, 2, 'T'),
(477, 4, 6, 2, 'S'),
(478, 4, 7, 2, 'I'),
(479, 4, 8, 2, 'Z'),
(480, 4, 9, 2, 'J'),
(481, 4, 10, 2, 'U'),
(482, 4, 11, 2, 'Q'),
(483, 4, 0, 3, 'D'),
(484, 4, 1, 3, 'R'),
(485, 4, 2, 3, 'F'),
(486, 4, 3, 3, 'S'),
(487, 4, 4, 3, 'W'),
(488, 4, 5, 3, 'Z'),
(489, 4, 6, 3, 'E'),
(490, 4, 7, 3, 'O'),
(491, 4, 8, 3, 'N'),
(492, 4, 9, 3, 'V'),
(493, 4, 10, 3, 'G'),
(494, 4, 11, 3, 'X'),
(495, 4, 0, 4, 'R'),
(496, 4, 1, 4, 'I'),
(497, 4, 2, 4, 'X'),
(498, 4, 3, 4, 'N'),
(499, 4, 4, 4, 'T'),
(500, 4, 5, 4, 'A'),
(501, 4, 6, 4, 'C'),
(502, 4, 7, 4, 'K'),
(503, 4, 8, 4, 'X'),
(504, 4, 9, 4, 'K'),
(505, 4, 10, 4, 'K'),
(506, 4, 11, 4, 'R'),
(507, 4, 0, 5, 'A'),
(508, 4, 1, 5, 'T'),
(509, 4, 2, 5, 'T'),
(510, 4, 3, 5, 'A'),
(511, 4, 4, 5, 'M'),
(512, 4, 5, 5, 'L'),
(513, 4, 6, 5, 'S'),
(514, 4, 7, 5, 'Z'),
(515, 4, 8, 5, 'E'),
(516, 4, 9, 5, 'V'),
(517, 4, 10, 5, 'Q'),
(518, 4, 11, 5, 'A'),
(519, 4, 0, 6, 'P'),
(520, 4, 1, 6, 'U'),
(521, 4, 2, 6, 'R'),
(522, 4, 3, 6, 'E'),
(523, 4, 4, 6, 'Q'),
(524, 4, 5, 6, 'D'),
(525, 4, 6, 6, 'E'),
(526, 4, 7, 6, 'P'),
(527, 4, 8, 6, 'K'),
(528, 4, 9, 6, 'N'),
(529, 4, 10, 6, 'C'),
(530, 4, 11, 6, 'P'),
(531, 4, 0, 7, 'E'),
(532, 4, 1, 7, 'C'),
(533, 4, 2, 7, 'L'),
(534, 4, 3, 7, 'W'),
(535, 4, 4, 7, 'T'),
(536, 4, 5, 7, 'B'),
(537, 4, 6, 7, 'U'),
(538, 4, 7, 7, 'L'),
(539, 4, 8, 7, 'I'),
(540, 4, 9, 7, 'O'),
(541, 4, 10, 7, 'N'),
(542, 4, 11, 7, 'E'),
(543, 4, 0, 8, 'U'),
(544, 4, 1, 8, 'F'),
(545, 4, 2, 8, 'G'),
(546, 4, 3, 8, 'T'),
(547, 4, 4, 8, 'R'),
(548, 4, 5, 8, 'V'),
(549, 4, 6, 8, 'A'),
(550, 4, 7, 8, 'H'),
(551, 4, 8, 8, 'Q'),
(552, 4, 9, 8, 'B'),
(553, 4, 10, 8, 'D'),
(554, 4, 11, 8, 'E'),
(555, 4, 0, 9, 'G'),
(556, 4, 1, 9, 'R'),
(557, 4, 2, 9, 'J'),
(558, 4, 3, 9, 'E'),
(559, 4, 4, 9, 'T'),
(560, 4, 5, 9, 'Z'),
(561, 4, 6, 9, 'Q'),
(562, 4, 7, 9, 'A'),
(563, 4, 8, 9, 'D'),
(564, 4, 9, 9, 'G'),
(565, 4, 10, 9, 'U'),
(566, 4, 11, 9, 'E'),
(567, 4, 0, 10, 'I'),
(568, 4, 1, 10, 'A'),
(569, 4, 2, 10, 'Y'),
(570, 4, 3, 10, 'A'),
(571, 4, 4, 10, 'Q'),
(572, 4, 5, 10, 'E'),
(573, 4, 6, 10, 'N'),
(574, 4, 7, 10, 'E'),
(575, 4, 8, 10, 'Y'),
(576, 4, 9, 10, 'H'),
(577, 4, 10, 10, 'N'),
(578, 4, 11, 10, 'A'),
(579, 4, 0, 11, 'R'),
(580, 4, 1, 11, 'M'),
(581, 4, 2, 11, 'G'),
(582, 4, 3, 11, 'A'),
(583, 4, 4, 11, 'Z'),
(584, 4, 5, 11, 'E'),
(585, 4, 6, 11, 'L'),
(586, 4, 7, 11, 'L'),
(587, 4, 8, 11, 'E'),
(588, 4, 9, 11, 'D'),
(589, 4, 10, 11, 'M'),
(590, 4, 11, 11, 'U'),
(591, 5, 0, 0, 'N'),
(592, 5, 1, 0, 'K'),
(593, 5, 2, 0, 'A'),
(594, 5, 3, 0, 'L'),
(595, 5, 4, 0, 'D'),
(596, 5, 5, 0, 'C'),
(597, 5, 6, 0, 'L'),
(598, 5, 7, 0, 'H'),
(599, 5, 8, 0, 'R'),
(600, 5, 9, 0, 'K'),
(601, 5, 0, 1, 'A'),
(602, 5, 1, 1, 'M'),
(603, 5, 2, 1, 'T'),
(604, 5, 3, 1, 'R'),
(605, 5, 4, 1, 'T'),
(606, 5, 5, 1, 'S'),
(607, 5, 6, 1, 'I'),
(608, 5, 7, 1, 'V'),
(609, 5, 8, 1, 'J'),
(610, 5, 9, 1, 'E'),
(611, 5, 0, 2, 'W'),
(612, 5, 1, 2, 'A'),
(613, 5, 2, 2, 'S'),
(614, 5, 3, 2, 'Y'),
(615, 5, 4, 2, 'W'),
(616, 5, 5, 2, 'A'),
(617, 5, 6, 2, 'T'),
(618, 5, 7, 2, 'M'),
(619, 5, 8, 2, 'Y'),
(620, 5, 9, 2, 'N'),
(621, 5, 0, 3, 'I'),
(622, 5, 1, 3, 'N'),
(623, 5, 2, 3, 'H'),
(624, 5, 3, 3, 'A'),
(625, 5, 4, 3, 'G'),
(626, 5, 5, 3, 'N'),
(627, 5, 6, 3, 'C'),
(628, 5, 7, 3, 'K'),
(629, 5, 8, 3, 'T'),
(630, 5, 9, 3, 'A'),
(631, 5, 0, 4, 'K'),
(632, 5, 1, 4, 'G'),
(633, 5, 2, 4, 'F'),
(634, 5, 3, 4, 'N'),
(635, 5, 4, 4, 'P'),
(636, 5, 5, 4, 'A'),
(637, 5, 6, 4, 'H'),
(638, 5, 7, 4, 'T'),
(639, 5, 8, 4, 'M'),
(640, 5, 9, 4, 'N'),
(641, 5, 0, 5, 'L'),
(642, 5, 1, 5, 'U'),
(643, 5, 2, 5, 'A'),
(644, 5, 3, 5, 'Z'),
(645, 5, 4, 5, 'T'),
(646, 5, 5, 5, 'N'),
(647, 5, 6, 5, 'I'),
(648, 5, 7, 5, 'O'),
(649, 5, 8, 5, 'I'),
(650, 5, 9, 5, 'A'),
(651, 5, 0, 6, 'M'),
(652, 5, 1, 6, 'E'),
(653, 5, 2, 6, 'O'),
(654, 5, 3, 6, 'D'),
(655, 5, 4, 6, 'F'),
(656, 5, 5, 6, 'A'),
(657, 5, 6, 6, 'W'),
(658, 5, 7, 6, 'L'),
(659, 5, 8, 6, 'V'),
(660, 5, 9, 6, 'B'),
(661, 5, 0, 7, 'O'),
(662, 5, 1, 7, 'U'),
(663, 5, 2, 7, 'Q'),
(664, 5, 3, 7, 'T'),
(665, 5, 4, 7, 'O'),
(666, 5, 5, 7, 'K'),
(667, 5, 6, 7, 'E'),
(668, 5, 7, 7, 'M'),
(669, 5, 8, 7, 'V'),
(670, 5, 9, 7, 'Q'),
(671, 5, 0, 8, 'N'),
(672, 5, 1, 8, 'Z'),
(673, 5, 2, 8, 'L'),
(674, 5, 3, 8, 'Y'),
(675, 5, 4, 8, 'J'),
(676, 5, 5, 8, 'I'),
(677, 5, 6, 8, 'B'),
(678, 5, 7, 8, 'U'),
(679, 5, 8, 8, 'W'),
(680, 5, 9, 8, 'N'),
(681, 5, 0, 9, 'P'),
(682, 5, 1, 9, 'A'),
(683, 5, 2, 9, 'P'),
(684, 5, 3, 9, 'A'),
(685, 5, 4, 9, 'Y'),
(686, 5, 5, 9, 'E'),
(687, 5, 6, 9, 'D'),
(688, 5, 7, 9, 'M'),
(689, 5, 8, 9, 'A'),
(690, 5, 9, 9, 'K'),
(691, 6, 0, 0, 'K'),
(692, 6, 1, 0, 'K'),
(693, 6, 2, 0, 'Z'),
(694, 6, 3, 0, 'P'),
(695, 6, 4, 0, 'T'),
(696, 6, 5, 0, 'E'),
(697, 6, 6, 0, 'R'),
(698, 6, 7, 0, 'O'),
(699, 6, 8, 0, 'D'),
(700, 6, 9, 0, 'A'),
(701, 6, 10, 0, 'C'),
(702, 6, 11, 0, 'T'),
(703, 6, 12, 0, 'Y'),
(704, 6, 13, 0, 'L'),
(705, 6, 14, 0, 'E'),
(706, 6, 15, 0, 'M'),
(707, 6, 16, 0, 'X'),
(708, 6, 17, 0, 'T'),
(709, 6, 0, 1, 'G'),
(710, 6, 1, 1, 'U'),
(711, 6, 2, 1, 'P'),
(712, 6, 3, 1, 'Z'),
(713, 6, 4, 1, 'S'),
(714, 6, 5, 1, 'U'),
(715, 6, 6, 1, 'R'),
(716, 6, 7, 1, 'U'),
(717, 6, 8, 1, 'A'),
(718, 6, 9, 1, 'S'),
(719, 6, 10, 1, 'O'),
(720, 6, 11, 1, 'N'),
(721, 6, 12, 1, 'I'),
(722, 6, 13, 1, 'P'),
(723, 6, 14, 1, 'S'),
(724, 6, 15, 1, 'H'),
(725, 6, 16, 1, 'Z'),
(726, 6, 17, 1, 'J'),
(727, 6, 0, 2, 'Z'),
(728, 6, 1, 2, 'C'),
(729, 6, 2, 2, 'V'),
(730, 6, 3, 2, 'Y'),
(731, 6, 4, 2, 'N'),
(732, 6, 5, 2, 'K'),
(733, 6, 6, 2, 'A'),
(734, 6, 7, 2, 'L'),
(735, 6, 8, 2, 'E'),
(736, 6, 9, 2, 'S'),
(737, 6, 10, 2, 'J'),
(738, 6, 11, 2, 'E'),
(739, 6, 12, 2, 'P'),
(740, 6, 13, 2, 'T'),
(741, 6, 14, 2, 'A'),
(742, 6, 15, 2, 'L'),
(743, 6, 16, 2, 'J'),
(744, 6, 17, 2, 'F'),
(745, 6, 0, 3, 'D'),
(746, 6, 1, 3, 'L'),
(747, 6, 2, 3, 'B'),
(748, 6, 3, 3, 'S'),
(749, 6, 4, 3, 'W'),
(750, 6, 5, 3, 'V'),
(751, 6, 6, 3, 'Y'),
(752, 6, 7, 3, 'H'),
(753, 6, 8, 3, 'H'),
(754, 6, 9, 3, 'M'),
(755, 6, 10, 3, 'S'),
(756, 6, 11, 3, 'N'),
(757, 6, 12, 3, 'Y'),
(758, 6, 13, 3, 'I'),
(759, 6, 14, 3, 'S'),
(760, 6, 15, 3, 'A'),
(761, 6, 16, 3, 'P'),
(762, 6, 17, 3, 'E'),
(763, 6, 0, 4, 'X'),
(764, 6, 1, 4, 'O'),
(765, 6, 2, 4, 'L'),
(766, 6, 3, 4, 'L'),
(767, 6, 4, 4, 'Y'),
(768, 6, 5, 4, 'Z'),
(769, 6, 6, 4, 'O'),
(770, 6, 7, 4, 'L'),
(771, 6, 8, 4, 'S'),
(772, 6, 9, 4, 'T'),
(773, 6, 10, 4, 'V'),
(774, 6, 11, 4, 'R'),
(775, 6, 12, 4, 'Z'),
(776, 6, 13, 4, 'X'),
(777, 6, 14, 4, 'D'),
(778, 6, 15, 4, 'B'),
(779, 6, 16, 4, 'G'),
(780, 6, 17, 4, 'C'),
(781, 6, 0, 5, 'Q'),
(782, 6, 1, 5, 'D'),
(783, 6, 2, 5, 'K'),
(784, 6, 3, 5, 'B'),
(785, 6, 4, 5, 'U'),
(786, 6, 5, 5, 'W'),
(787, 6, 6, 5, 'R'),
(788, 6, 7, 5, 'A'),
(789, 6, 8, 5, 'G'),
(790, 6, 9, 5, 'Z'),
(791, 6, 10, 5, 'A'),
(792, 6, 11, 5, 'N'),
(793, 6, 12, 5, 'U'),
(794, 6, 13, 5, 'C'),
(795, 6, 14, 5, 'Y'),
(796, 6, 15, 5, 'K'),
(797, 6, 16, 5, 'R'),
(798, 6, 17, 5, 'Z'),
(799, 6, 0, 6, 'F'),
(800, 6, 1, 6, 'B'),
(801, 6, 2, 6, 'K'),
(802, 6, 3, 6, 'J'),
(803, 6, 4, 6, 'D'),
(804, 6, 5, 6, 'S'),
(805, 6, 6, 6, 'G'),
(806, 6, 7, 6, 'A'),
(807, 6, 8, 6, 'A'),
(808, 6, 9, 6, 'N'),
(809, 6, 10, 6, 'D'),
(810, 6, 11, 6, 'I'),
(811, 6, 12, 6, 'Q'),
(812, 6, 13, 6, 'D'),
(813, 6, 14, 6, 'P'),
(814, 6, 15, 6, 'W'),
(815, 6, 16, 6, 'D'),
(816, 6, 17, 6, 'H'),
(817, 6, 0, 7, 'A'),
(818, 6, 1, 7, 'F'),
(819, 6, 2, 7, 'L'),
(820, 6, 3, 7, 'J'),
(821, 6, 4, 7, 'P'),
(822, 6, 5, 7, 'P'),
(823, 6, 6, 7, 'C'),
(824, 6, 7, 7, 'W'),
(825, 6, 8, 7, 'N'),
(826, 6, 9, 7, 'W'),
(827, 6, 10, 7, 'Y'),
(828, 6, 11, 7, 'K'),
(829, 6, 12, 7, 'T'),
(830, 6, 13, 7, 'S'),
(831, 6, 14, 7, 'Y'),
(832, 6, 15, 7, 'J'),
(833, 6, 16, 7, 'J'),
(834, 6, 17, 7, 'D'),
(835, 6, 0, 8, 'Z'),
(836, 6, 1, 8, 'V'),
(837, 6, 2, 8, 'U'),
(838, 6, 3, 8, 'B'),
(839, 6, 4, 8, 'C'),
(840, 6, 5, 8, 'O'),
(841, 6, 6, 8, 'B'),
(842, 6, 7, 8, 'O'),
(843, 6, 8, 8, 'C'),
(844, 6, 9, 8, 'S'),
(845, 6, 10, 8, 'L'),
(846, 6, 11, 8, 'K'),
(847, 6, 12, 8, 'B'),
(848, 6, 13, 8, 'S'),
(849, 6, 14, 8, 'X'),
(850, 6, 15, 8, 'M'),
(851, 6, 16, 8, 'Q'),
(852, 6, 17, 8, 'B'),
(853, 6, 0, 9, 'U'),
(854, 6, 1, 9, 'S'),
(855, 6, 2, 9, 'O'),
(856, 6, 3, 9, 'I'),
(857, 6, 4, 9, 'F'),
(858, 6, 5, 9, 'T'),
(859, 6, 6, 9, 'S'),
(860, 6, 7, 9, 'Z'),
(861, 6, 8, 9, 'W'),
(862, 6, 9, 9, 'G'),
(863, 6, 10, 9, 'Z'),
(864, 6, 11, 9, 'O'),
(865, 6, 12, 9, 'I'),
(866, 6, 13, 9, 'O'),
(867, 6, 14, 9, 'E'),
(868, 6, 15, 9, 'L'),
(869, 6, 16, 9, 'K'),
(870, 6, 17, 9, 'A'),
(871, 6, 0, 10, 'M'),
(872, 6, 1, 10, 'S'),
(873, 6, 2, 10, 'K'),
(874, 6, 3, 10, 'B'),
(875, 6, 4, 10, 'R'),
(876, 6, 5, 10, 'A'),
(877, 6, 6, 10, 'C'),
(878, 6, 7, 10, 'H'),
(879, 6, 8, 10, 'I'),
(880, 6, 9, 10, 'O'),
(881, 6, 10, 10, 'S'),
(882, 6, 11, 10, 'A'),
(883, 6, 12, 10, 'U'),
(884, 6, 13, 10, 'R'),
(885, 6, 14, 10, 'U'),
(886, 6, 15, 10, 'S'),
(887, 6, 16, 10, 'C'),
(888, 6, 17, 10, 'H'),
(889, 6, 0, 11, 'U'),
(890, 6, 1, 11, 'M'),
(891, 6, 2, 11, 'E'),
(892, 6, 3, 11, 'B'),
(893, 6, 4, 11, 'U'),
(894, 6, 5, 11, 'R'),
(895, 6, 6, 11, 'O'),
(896, 6, 7, 11, 'D'),
(897, 6, 8, 11, 'R'),
(898, 6, 9, 11, 'K'),
(899, 6, 10, 11, 'F'),
(900, 6, 11, 11, 'Q'),
(901, 6, 12, 11, 'Y'),
(902, 6, 13, 11, 'Z'),
(903, 6, 14, 11, 'O'),
(904, 6, 15, 11, 'L'),
(905, 6, 16, 11, 'W'),
(906, 6, 17, 11, 'F'),
(907, 6, 0, 12, 'M'),
(908, 6, 1, 12, 'I'),
(909, 6, 2, 12, 'W'),
(910, 6, 3, 12, 'R'),
(911, 6, 4, 12, 'F'),
(912, 6, 5, 12, 'E'),
(913, 6, 6, 12, 'U'),
(914, 6, 7, 12, 'C'),
(915, 6, 8, 12, 'M'),
(916, 6, 9, 12, 'Y'),
(917, 6, 10, 12, 'X'),
(918, 6, 11, 12, 'J'),
(919, 6, 12, 12, 'E'),
(920, 6, 13, 12, 'T'),
(921, 6, 14, 12, 'C'),
(922, 6, 15, 12, 'L'),
(923, 6, 16, 12, 'W'),
(924, 6, 17, 12, 'H'),
(925, 6, 0, 13, 'V'),
(926, 6, 1, 13, 'G'),
(927, 6, 2, 13, 'U'),
(928, 6, 3, 13, 'B'),
(929, 6, 4, 13, 'D'),
(930, 6, 5, 13, 'C'),
(931, 6, 6, 13, 'L'),
(932, 6, 7, 13, 'B'),
(933, 6, 8, 13, 'V'),
(934, 6, 9, 13, 'F'),
(935, 6, 10, 13, 'X'),
(936, 6, 11, 13, 'L'),
(937, 6, 12, 13, 'W'),
(938, 6, 13, 13, 'M'),
(939, 6, 14, 13, 'V'),
(940, 6, 15, 13, 'F'),
(941, 6, 16, 13, 'V'),
(942, 6, 17, 13, 'F'),
(943, 6, 0, 14, 'C'),
(944, 6, 1, 14, 'S'),
(945, 6, 2, 14, 'K'),
(946, 6, 3, 14, 'W'),
(947, 6, 4, 14, 'L'),
(948, 6, 5, 14, 'I'),
(949, 6, 6, 14, 'H'),
(950, 6, 7, 14, 'F'),
(951, 6, 8, 14, 'B'),
(952, 6, 9, 14, 'G'),
(953, 6, 10, 14, 'L'),
(954, 6, 11, 14, 'K'),
(955, 6, 12, 14, 'M'),
(956, 6, 13, 14, 'U'),
(957, 6, 14, 14, 'P'),
(958, 6, 15, 14, 'N'),
(959, 6, 16, 14, 'B'),
(960, 6, 17, 14, 'E'),
(961, 6, 0, 15, 'D'),
(962, 6, 1, 15, 'N'),
(963, 6, 2, 15, 'J'),
(964, 6, 3, 15, 'J'),
(965, 6, 4, 15, 'F'),
(966, 6, 5, 15, 'R'),
(967, 6, 6, 15, 'E'),
(968, 6, 7, 15, 'X'),
(969, 6, 8, 15, 'L'),
(970, 6, 9, 15, 'P'),
(971, 6, 10, 15, 'S'),
(972, 6, 11, 15, 'H'),
(973, 6, 12, 15, 'K'),
(974, 6, 13, 15, 'Q'),
(975, 6, 14, 15, 'T'),
(976, 6, 15, 15, 'I'),
(977, 6, 16, 15, 'W'),
(978, 6, 17, 15, 'F'),
(979, 6, 0, 16, 'O'),
(980, 6, 1, 16, 'Z'),
(981, 6, 2, 16, 'F'),
(982, 6, 3, 16, 'J'),
(983, 6, 4, 16, 'D'),
(984, 6, 5, 16, 'T'),
(985, 6, 6, 16, 'J'),
(986, 6, 7, 16, 'D'),
(987, 6, 8, 16, 'L'),
(988, 6, 9, 16, 'R'),
(989, 6, 10, 16, 'J'),
(990, 6, 11, 16, 'L'),
(991, 6, 12, 16, 'N'),
(992, 6, 13, 16, 'Q'),
(993, 6, 14, 16, 'W'),
(994, 6, 15, 16, 'N'),
(995, 6, 16, 16, 'O'),
(996, 6, 17, 16, 'H'),
(997, 6, 0, 17, 'D'),
(998, 6, 1, 17, 'O'),
(999, 6, 2, 17, 'C'),
(1000, 6, 3, 17, 'A'),
(1001, 6, 4, 17, 'P'),
(1002, 6, 5, 17, 'J'),
(1003, 6, 6, 17, 'X'),
(1004, 6, 7, 17, 'M'),
(1005, 6, 8, 17, 'Y'),
(1006, 6, 9, 17, 'I'),
(1007, 6, 10, 17, 'X'),
(1008, 6, 11, 17, 'S'),
(1009, 6, 12, 17, 'I'),
(1010, 6, 13, 17, 'V'),
(1011, 6, 14, 17, 'B'),
(1012, 6, 15, 17, 'N'),
(1013, 6, 16, 17, 'P'),
(1014, 6, 17, 17, 'E'),
(1015, 7, 0, 0, 'Q'),
(1016, 7, 1, 0, 'Z'),
(1017, 7, 2, 0, 'J'),
(1018, 7, 3, 0, 'Z'),
(1019, 7, 4, 0, 'Q'),
(1020, 7, 5, 0, 'A'),
(1021, 7, 6, 0, 'X'),
(1022, 7, 7, 0, 'A'),
(1023, 7, 8, 0, 'E'),
(1024, 7, 9, 0, 'U'),
(1025, 7, 10, 0, 'L'),
(1026, 7, 11, 0, 'H'),
(1027, 7, 12, 0, 'Z'),
(1028, 7, 13, 0, 'S'),
(1029, 7, 0, 1, 'R'),
(1030, 7, 1, 1, 'V'),
(1031, 7, 2, 1, 'A'),
(1032, 7, 3, 1, 'X'),
(1033, 7, 4, 1, 'E'),
(1034, 7, 5, 1, 'T'),
(1035, 7, 6, 1, 'B'),
(1036, 7, 7, 1, 'O'),
(1037, 7, 8, 1, 'I'),
(1038, 7, 9, 1, 'S'),
(1039, 7, 10, 1, 'W'),
(1040, 7, 11, 1, 'F'),
(1041, 7, 12, 1, 'W'),
(1042, 7, 13, 1, 'G'),
(1043, 7, 0, 2, 'A'),
(1044, 7, 1, 2, 'K'),
(1045, 7, 2, 2, 'A'),
(1046, 7, 3, 2, 'M'),
(1047, 7, 4, 2, 'X'),
(1048, 7, 5, 2, 'H'),
(1049, 7, 6, 2, 'E'),
(1050, 7, 7, 2, 'W'),
(1051, 7, 8, 2, 'W'),
(1052, 7, 9, 2, 'A'),
(1053, 7, 10, 2, 'U'),
(1054, 7, 11, 2, 'P'),
(1055, 7, 12, 2, 'A'),
(1056, 7, 13, 2, 'N'),
(1057, 7, 0, 3, 'P'),
(1058, 7, 1, 3, 'B'),
(1059, 7, 2, 3, 'C'),
(1060, 7, 3, 3, 'P'),
(1061, 7, 4, 3, 'U'),
(1062, 7, 5, 3, 'E'),
(1063, 7, 6, 3, 'K'),
(1064, 7, 7, 3, 'H'),
(1065, 7, 8, 3, 'M'),
(1066, 7, 9, 3, 'K'),
(1067, 7, 10, 3, 'K'),
(1068, 7, 11, 3, 'D'),
(1069, 7, 12, 3, 'M'),
(1070, 7, 13, 3, 'L'),
(1071, 7, 0, 4, 'H'),
(1072, 7, 1, 4, 'T'),
(1073, 7, 2, 4, 'S'),
(1074, 7, 3, 4, 'H'),
(1075, 7, 4, 4, 'L'),
(1076, 7, 5, 4, 'N'),
(1077, 7, 6, 4, 'P'),
(1078, 7, 7, 4, 'H'),
(1079, 7, 8, 4, 'Z'),
(1080, 7, 9, 4, 'T'),
(1081, 7, 10, 4, 'P'),
(1082, 7, 11, 4, 'U'),
(1083, 7, 12, 4, 'E'),
(1084, 7, 13, 4, 'I'),
(1085, 7, 0, 5, 'R'),
(1086, 7, 1, 5, 'U'),
(1087, 7, 2, 5, 'W'),
(1088, 7, 3, 5, 'O'),
(1089, 7, 4, 5, 'Y'),
(1090, 7, 5, 5, 'A'),
(1091, 7, 6, 5, 'H'),
(1092, 7, 7, 5, 'F'),
(1093, 7, 8, 5, 'Q'),
(1094, 7, 9, 5, 'C'),
(1095, 7, 10, 5, 'O'),
(1096, 7, 11, 5, 'X'),
(1097, 7, 12, 5, 'G'),
(1098, 7, 13, 5, 'M'),
(1099, 7, 0, 6, 'O'),
(1100, 7, 1, 6, 'G'),
(1101, 7, 2, 6, 'Z'),
(1102, 7, 3, 6, 'H'),
(1103, 7, 4, 6, 'A'),
(1104, 7, 5, 6, 'D'),
(1105, 7, 6, 6, 'E'),
(1106, 7, 7, 6, 'S'),
(1107, 7, 8, 6, 'S'),
(1108, 7, 9, 6, 'K'),
(1109, 7, 10, 6, 'S'),
(1110, 7, 11, 6, 'R'),
(1111, 7, 12, 6, 'O'),
(1112, 7, 13, 6, 'A'),
(1113, 7, 0, 7, 'D'),
(1114, 7, 1, 7, 'N'),
(1115, 7, 2, 7, 'I'),
(1116, 7, 3, 7, 'K'),
(1117, 7, 4, 7, 'P'),
(1118, 7, 5, 7, 'V'),
(1119, 7, 6, 7, 'X'),
(1120, 7, 7, 7, 'U'),
(1121, 7, 8, 7, 'Y'),
(1122, 7, 9, 7, 'F'),
(1123, 7, 10, 7, 'E'),
(1124, 7, 11, 7, 'S'),
(1125, 7, 12, 7, 'F'),
(1126, 7, 13, 7, 'E'),
(1127, 7, 0, 8, 'I'),
(1128, 7, 1, 8, 'Y'),
(1129, 7, 2, 8, 'D'),
(1130, 7, 3, 8, 'Q'),
(1131, 7, 4, 8, 'N'),
(1132, 7, 5, 8, 'C'),
(1133, 7, 6, 8, 'E'),
(1134, 7, 7, 8, 'U'),
(1135, 7, 8, 8, 'R'),
(1136, 7, 9, 8, 'L'),
(1137, 7, 10, 8, 'I'),
(1138, 7, 11, 8, 'R'),
(1139, 7, 12, 8, 'Z'),
(1140, 7, 13, 8, 'T'),
(1141, 7, 0, 9, 'T'),
(1142, 7, 1, 9, 'S'),
(1143, 7, 2, 9, 'R'),
(1144, 7, 3, 9, 'M'),
(1145, 7, 4, 9, 'T'),
(1146, 7, 5, 9, 'Z'),
(1147, 7, 6, 9, 'J'),
(1148, 7, 7, 9, 'A'),
(1149, 7, 8, 9, 'U'),
(1150, 7, 9, 9, 'J'),
(1151, 7, 10, 9, 'D'),
(1152, 7, 11, 9, 'Y'),
(1153, 7, 12, 9, 'D'),
(1154, 7, 13, 9, 'I'),
(1155, 7, 0, 10, 'E'),
(1156, 7, 1, 10, 'P'),
(1157, 7, 2, 10, 'G'),
(1158, 7, 3, 10, 'W'),
(1159, 7, 4, 10, 'W'),
(1160, 7, 5, 10, 'N'),
(1161, 7, 6, 10, 'A'),
(1162, 7, 7, 10, 'C'),
(1163, 7, 8, 10, 'Z'),
(1164, 7, 9, 10, 'H'),
(1165, 7, 10, 10, 'O'),
(1166, 7, 11, 10, 'I'),
(1167, 7, 12, 10, 'O'),
(1168, 7, 13, 10, 'M'),
(1169, 7, 0, 11, 'M'),
(1170, 7, 1, 11, 'Y'),
(1171, 7, 2, 11, 'T'),
(1172, 7, 3, 11, 'R'),
(1173, 7, 4, 11, 'C'),
(1174, 7, 5, 11, 'B'),
(1175, 7, 6, 11, 'R'),
(1176, 7, 7, 11, 'A'),
(1177, 7, 8, 11, 'F'),
(1178, 7, 9, 11, 'R'),
(1179, 7, 10, 11, 'N'),
(1180, 7, 11, 11, 'A'),
(1181, 7, 12, 11, 'Q'),
(1182, 7, 13, 11, 'C'),
(1183, 7, 0, 12, 'N'),
(1184, 7, 1, 12, 'S'),
(1185, 7, 2, 12, 'O'),
(1186, 7, 3, 12, 'U'),
(1187, 7, 4, 12, 'E'),
(1188, 7, 5, 12, 'E'),
(1189, 7, 6, 12, 'M'),
(1190, 7, 7, 12, 'X'),
(1191, 7, 8, 12, 'Z'),
(1192, 7, 9, 12, 'B'),
(1193, 7, 10, 12, 'U'),
(1194, 7, 11, 12, 'S'),
(1195, 7, 12, 12, 'O'),
(1196, 7, 13, 12, 'B'),
(1197, 7, 0, 13, 'H'),
(1198, 7, 1, 13, 'M'),
(1199, 7, 2, 13, 'S'),
(1200, 7, 3, 13, 'L'),
(1201, 7, 4, 13, 'H'),
(1202, 7, 5, 13, 'P'),
(1203, 7, 6, 13, 'C'),
(1204, 7, 7, 13, 'I'),
(1205, 7, 8, 13, 'R'),
(1206, 7, 9, 13, 'G'),
(1207, 7, 10, 13, 'T'),
(1208, 7, 11, 13, 'V'),
(1209, 7, 12, 13, 'S'),
(1210, 7, 13, 13, 'B'),
(1236, 8, 10, 1, 'J'),
(1237, 8, 11, 1, 'K'),
(1238, 8, 12, 1, 'G'),
(1239, 8, 13, 1, 'U'),
(1240, 8, 14, 1, 'L'),
(1241, 8, 0, 2, 'D'),
(1242, 8, 1, 2, 'M'),
(1243, 8, 2, 2, 'O'),
(1244, 8, 3, 2, 'I'),
(1245, 8, 4, 2, 'I'),
(1246, 8, 5, 2, 'G'),
(1247, 8, 6, 2, 'E'),
(1248, 8, 7, 2, 'H'),
(1249, 8, 8, 2, 'A'),
(1250, 8, 9, 2, 'H'),
(1251, 8, 10, 2, 'D'),
(1252, 8, 11, 2, 'K'),
(1253, 8, 12, 2, 'N'),
(1254, 8, 13, 2, 'C'),
(1255, 8, 14, 2, 'G'),
(1256, 8, 0, 3, 'L'),
(1257, 8, 1, 3, 'S'),
(1258, 8, 2, 3, 'I'),
(1259, 8, 3, 3, 'P'),
(1260, 8, 4, 3, 'U'),
(1261, 8, 5, 3, 'V'),
(1262, 8, 6, 3, 'S'),
(1263, 8, 7, 3, 'S'),
(1264, 8, 8, 3, 'H'),
(1265, 8, 9, 3, 'K'),
(1266, 8, 10, 3, 'E'),
(1267, 8, 11, 3, 'Q'),
(1268, 8, 12, 3, 'F'),
(1269, 8, 13, 3, 'C'),
(1270, 8, 14, 3, 'O'),
(1271, 8, 0, 4, 'H'),
(1272, 8, 1, 4, 'U'),
(1273, 8, 2, 4, 'T'),
(1274, 8, 3, 4, 'V'),
(1275, 8, 4, 4, 'C'),
(1276, 8, 5, 4, 'V'),
(1277, 8, 6, 4, 'S'),
(1278, 8, 7, 4, 'W'),
(1279, 8, 8, 4, 'N'),
(1280, 8, 9, 4, 'K'),
(1281, 8, 10, 4, 'C'),
(1282, 8, 11, 4, 'A'),
(1283, 8, 12, 4, 'S'),
(1284, 8, 13, 4, 'U'),
(1285, 8, 14, 4, 'R'),
(1286, 8, 0, 5, 'J'),
(1287, 8, 1, 5, 'O'),
(1288, 8, 2, 5, 'A'),
(1289, 8, 3, 5, 'N'),
(1290, 8, 4, 5, 'R'),
(1291, 8, 5, 5, 'Z'),
(1292, 8, 6, 5, 'E'),
(1293, 8, 7, 5, 'Y'),
(1294, 8, 8, 5, 'P'),
(1295, 8, 9, 5, 'H'),
(1296, 8, 10, 5, 'N'),
(1297, 8, 11, 5, 'C'),
(1298, 8, 12, 5, 'E'),
(1299, 8, 13, 5, 'D'),
(1300, 8, 14, 5, 'I'),
(1301, 8, 0, 6, 'M'),
(1302, 8, 1, 6, 'Y'),
(1303, 8, 2, 6, 'M'),
(1304, 8, 3, 6, 'L'),
(1305, 8, 4, 6, 'I'),
(1306, 8, 5, 6, 'A'),
(1307, 8, 6, 6, 'C'),
(1308, 8, 7, 6, 'F'),
(1309, 8, 8, 6, 'L'),
(1310, 8, 9, 6, 'W'),
(1311, 8, 10, 6, 'E'),
(1312, 8, 11, 6, 'I'),
(1313, 8, 12, 6, 'B'),
(1314, 8, 13, 6, 'J'),
(1315, 8, 14, 6, 'T'),
(1316, 8, 0, 7, 'W'),
(1317, 8, 1, 7, 'G'),
(1318, 8, 2, 7, 'M'),
(1319, 8, 3, 7, 'O'),
(1320, 8, 4, 7, 'C'),
(1321, 8, 5, 7, 'V'),
(1322, 8, 6, 7, 'O'),
(1323, 8, 7, 7, 'R'),
(1324, 8, 8, 7, 'D'),
(1325, 8, 9, 7, 'J'),
(1326, 8, 10, 7, 'G'),
(1327, 8, 11, 7, 'U'),
(1328, 8, 12, 7, 'W'),
(1329, 8, 13, 7, 'M'),
(1330, 8, 14, 7, 'H'),
(1331, 8, 0, 8, 'L'),
(1332, 8, 1, 8, 'G'),
(1333, 8, 2, 8, 'A'),
(1334, 8, 3, 8, 'R'),
(1335, 8, 4, 8, 'Q'),
(1336, 8, 5, 8, 'J'),
(1337, 8, 6, 8, 'R'),
(1338, 8, 7, 8, 'C'),
(1339, 8, 8, 8, 'Z'),
(1340, 8, 9, 8, 'H'),
(1341, 8, 10, 8, 'I'),
(1342, 8, 11, 8, 'B'),
(1343, 8, 12, 8, 'O'),
(1344, 8, 13, 8, 'V'),
(1345, 8, 14, 8, 'M'),
(1346, 8, 0, 9, 'F'),
(1347, 8, 1, 9, 'R'),
(1348, 8, 2, 9, 'R'),
(1349, 8, 3, 9, 'X'),
(1350, 8, 4, 9, 'J'),
(1351, 8, 5, 9, 'L'),
(1352, 8, 6, 9, 'P'),
(1353, 8, 7, 9, 'V'),
(1354, 8, 8, 9, 'X'),
(1355, 8, 9, 9, 'K'),
(1356, 8, 10, 9, 'L'),
(1357, 8, 11, 9, 'W'),
(1358, 8, 12, 9, 'P'),
(1359, 8, 13, 9, 'O'),
(1360, 8, 14, 9, 'E'),
(1361, 8, 0, 10, 'L'),
(1362, 8, 1, 10, 'U'),
(1363, 8, 2, 10, 'G'),
(1364, 8, 3, 10, 'H'),
(1365, 8, 4, 10, 'H'),
(1366, 8, 5, 10, 'H'),
(1367, 8, 6, 10, 'O'),
(1368, 8, 7, 10, 'G'),
(1369, 8, 8, 10, 'I'),
(1370, 8, 9, 10, 'V'),
(1371, 8, 10, 10, 'L'),
(1372, 8, 11, 10, 'W'),
(1373, 8, 12, 10, 'W'),
(1374, 8, 13, 10, 'R'),
(1375, 8, 14, 10, 'H'),
(1376, 8, 0, 11, 'X'),
(1377, 8, 1, 11, 'K'),
(1378, 8, 2, 11, 'O'),
(1379, 8, 3, 11, 'E'),
(1380, 8, 4, 11, 'M'),
(1381, 8, 5, 11, 'B'),
(1382, 8, 6, 11, 'R'),
(1383, 8, 7, 11, 'I'),
(1384, 8, 8, 11, 'A'),
(1385, 8, 9, 11, 'M'),
(1386, 8, 10, 11, 'E'),
(1387, 8, 11, 11, 'W'),
(1388, 8, 12, 11, 'X'),
(1389, 8, 13, 11, 'R'),
(1390, 8, 14, 11, 'R'),
(1391, 8, 0, 12, 'X'),
(1392, 8, 1, 12, 'L'),
(1393, 8, 2, 12, 'R'),
(1394, 8, 3, 12, 'J'),
(1395, 8, 4, 12, 'B'),
(1396, 8, 5, 12, 'E'),
(1397, 8, 6, 12, 'C'),
(1398, 8, 7, 12, 'P'),
(1399, 8, 8, 12, 'M'),
(1400, 8, 9, 12, 'Y'),
(1401, 8, 10, 12, 'T'),
(1402, 8, 11, 12, 'I'),
(1403, 8, 12, 12, 'T'),
(1404, 8, 13, 12, 'R'),
(1405, 8, 14, 12, 'Q'),
(1406, 8, 0, 13, 'H'),
(1407, 8, 1, 13, 'A'),
(1408, 8, 2, 13, 'P'),
(1409, 8, 3, 13, 'M'),
(1410, 8, 4, 13, 'O'),
(1411, 8, 5, 13, 'Q'),
(1412, 8, 6, 13, 'I'),
(1413, 8, 7, 13, 'V'),
(1414, 8, 8, 13, 'A'),
(1415, 8, 9, 13, 'Q'),
(1416, 8, 10, 13, 'N'),
(1417, 8, 11, 13, 'V'),
(1418, 8, 12, 13, 'F'),
(1419, 8, 13, 13, 'B'),
(1420, 8, 14, 13, 'P'),
(1421, 8, 0, 14, 'Q'),
(1422, 8, 1, 14, 'U'),
(1423, 8, 2, 14, 'P'),
(1424, 8, 3, 14, 'P'),
(1425, 8, 4, 14, 'T'),
(1426, 8, 5, 14, 'Z'),
(1427, 8, 6, 14, 'M'),
(1428, 8, 7, 14, 'E'),
(1429, 8, 8, 14, 'F'),
(1430, 8, 9, 14, 'O'),
(1431, 8, 10, 14, 'I'),
(1432, 8, 11, 14, 'V'),
(1433, 8, 12, 14, 'M'),
(1434, 8, 13, 14, 'X'),
(1435, 8, 14, 14, 'S'),
(1867, 9, 11, 11, 'Q'),
(1866, 9, 10, 11, 'T'),
(1865, 9, 9, 11, 'K'),
(1864, 9, 8, 11, 'P'),
(1863, 9, 7, 11, 'D'),
(1862, 9, 6, 11, 'C'),
(1861, 9, 5, 11, 'L'),
(1860, 9, 4, 11, 'E'),
(1859, 9, 3, 11, 'F'),
(1858, 9, 2, 11, 'C'),
(1857, 9, 1, 11, 'L'),
(1856, 9, 0, 11, 'O'),
(1855, 9, 11, 10, 'D'),
(1854, 9, 10, 10, 'Q'),
(1853, 9, 9, 10, 'A'),
(1852, 9, 8, 10, 'K'),
(1851, 9, 7, 10, 'C'),
(1850, 9, 6, 10, 'K'),
(1849, 9, 5, 10, 'X'),
(1848, 9, 4, 10, 'M'),
(1847, 9, 3, 10, 'C'),
(1846, 9, 2, 10, 'O'),
(1845, 9, 1, 10, 'F'),
(1844, 9, 0, 10, 'Y'),
(1843, 9, 11, 9, 'Z'),
(1842, 9, 10, 9, 'J'),
(1841, 9, 9, 9, 'E'),
(1840, 9, 8, 9, 'I'),
(1839, 9, 7, 9, 'O'),
(1838, 9, 6, 9, 'P'),
(1837, 9, 5, 9, 'D'),
(1836, 9, 4, 9, 'Y'),
(1835, 9, 3, 9, 'E'),
(1834, 9, 2, 9, 'G'),
(1833, 9, 1, 9, 'T'),
(1832, 9, 0, 9, 'R'),
(1831, 9, 11, 8, 'E'),
(1830, 9, 10, 8, 'O'),
(1829, 9, 9, 8, 'P'),
(1828, 9, 8, 8, 'L'),
(1827, 9, 7, 8, 'R'),
(1826, 9, 6, 8, 'G'),
(1825, 9, 5, 8, 'J'),
(1824, 9, 4, 8, 'S'),
(1823, 9, 3, 8, 'H'),
(1822, 9, 2, 8, 'W'),
(1821, 9, 1, 8, 'V'),
(1820, 9, 0, 8, 'P'),
(1819, 9, 11, 7, 'T'),
(1818, 9, 10, 7, 'N'),
(1817, 9, 9, 7, 'T'),
(1816, 9, 8, 7, 'I'),
(1815, 9, 7, 7, 'K'),
(1814, 9, 6, 7, 'Z'),
(1813, 9, 5, 7, 'H'),
(1812, 9, 4, 7, 'T'),
(1811, 9, 3, 7, 'T'),
(1810, 9, 2, 7, 'H'),
(1809, 9, 1, 7, 'V'),
(1808, 9, 0, 7, 'M'),
(1807, 9, 11, 6, 'E'),
(1806, 9, 10, 6, 'E'),
(1805, 9, 9, 6, 'Q'),
(1804, 9, 8, 6, 'S'),
(1803, 9, 7, 6, 'E'),
(1802, 9, 6, 6, 'B'),
(1801, 9, 5, 6, 'Z'),
(1800, 9, 4, 6, 'E'),
(1799, 9, 3, 6, 'N'),
(1798, 9, 2, 6, 'Y'),
(1797, 9, 1, 6, 'X'),
(1796, 9, 0, 6, 'Y'),
(1795, 9, 11, 5, 'R'),
(1794, 9, 10, 5, 'T'),
(1793, 9, 9, 5, 'T'),
(1792, 9, 8, 5, 'U'),
(1791, 9, 7, 5, 'J'),
(1790, 9, 6, 5, 'G'),
(1789, 9, 5, 5, 'V'),
(1788, 9, 4, 5, 'R'),
(1787, 9, 3, 5, 'I'),
(1786, 9, 2, 5, 'N'),
(1785, 9, 1, 5, 'R'),
(1784, 9, 0, 5, 'Z'),
(1783, 9, 11, 4, 'C'),
(1782, 9, 10, 4, 'V'),
(1781, 9, 9, 4, 'M'),
(1780, 9, 8, 4, 'G'),
(1779, 9, 7, 4, 'E'),
(1778, 9, 6, 4, 'M'),
(1777, 9, 5, 4, 'E'),
(1776, 9, 4, 4, 'E'),
(1775, 9, 3, 4, 'R'),
(1774, 9, 2, 4, 'V'),
(1773, 9, 1, 4, 'X'),
(1772, 9, 0, 4, 'Y'),
(1771, 9, 11, 3, 'E'),
(1770, 9, 10, 3, 'W'),
(1769, 9, 9, 3, 'H'),
(1768, 9, 8, 3, 'P'),
(1767, 9, 7, 3, 'O'),
(1766, 9, 6, 3, 'T'),
(1765, 9, 5, 3, 'O'),
(1764, 9, 4, 3, 'B'),
(1763, 9, 3, 3, 'Y'),
(1762, 9, 2, 3, 'N'),
(1761, 9, 1, 3, 'C'),
(1760, 9, 0, 3, 'G'),
(1759, 9, 11, 2, 'S'),
(1758, 9, 10, 2, 'B'),
(1757, 9, 9, 2, 'P'),
(1756, 9, 8, 2, 'L'),
(1755, 9, 7, 2, 'O'),
(1754, 9, 6, 2, 'A'),
(1753, 9, 5, 2, 'E'),
(1752, 9, 4, 2, 'H'),
(1751, 9, 3, 2, 'B'),
(1750, 9, 2, 2, 'J'),
(1749, 9, 1, 2, 'O'),
(1748, 9, 0, 2, 'S'),
(1747, 9, 11, 1, 'M'),
(1746, 9, 10, 1, 'T'),
(1745, 9, 9, 1, 'H'),
(1744, 9, 8, 1, 'Z'),
(1743, 9, 7, 1, 'U'),
(1742, 9, 6, 1, 'G'),
(1741, 9, 5, 1, 'J'),
(1740, 9, 4, 1, 'M'),
(1739, 9, 3, 1, 'A'),
(1738, 9, 2, 1, 'Z'),
(1737, 9, 1, 1, 'D'),
(1736, 9, 0, 1, 'E'),
(1735, 9, 11, 0, 'U'),
(1734, 9, 10, 0, 'D'),
(1733, 9, 9, 0, 'R'),
(1732, 9, 8, 0, 'Y'),
(1731, 9, 7, 0, 'B'),
(1730, 9, 6, 0, 'N'),
(1729, 9, 5, 0, 'G'),
(1728, 9, 4, 0, 'Y'),
(1727, 9, 3, 0, 'L'),
(1726, 9, 2, 0, 'K'),
(1725, 9, 1, 0, 'E'),
(1724, 9, 0, 0, 'L');

-- --------------------------------------------------------

--
-- Structure de la table `grid_words`
--

DROP TABLE IF EXISTS `grid_words`;
CREATE TABLE IF NOT EXISTS `grid_words` (
  `id` int NOT NULL AUTO_INCREMENT,
  `grid_id` int NOT NULL,
  `word` varchar(100) COLLATE utf8mb4_unicode_ci NOT NULL,
  `found` tinyint(1) DEFAULT '0',
  PRIMARY KEY (`id`),
  KEY `grid_id` (`grid_id`)
) ENGINE=MyISAM AUTO_INCREMENT=64 DEFAULT CHARSET=utf8mb4 COLLATE=utf8mb4_unicode_ci;

--
-- Déchargement des données de la table `grid_words`
--

INSERT INTO `grid_words` (`id`, `grid_id`, `word`, `found`) VALUES
(38, 8, 'ALGORITHME', 0),
(13, 4, 'LION', 0),
(14, 4, 'TIGRE', 0),
(15, 4, 'GUEPARD', 0),
(16, 4, 'ZEBRE', 0),
(17, 4, 'ELEPHANT', 0),
(18, 4, 'GAZELLE', 0),
(19, 4, 'HYENE', 0),
(20, 5, 'MANGUE', 0),
(21, 5, 'PAPAYE', 0),
(22, 5, 'BANANE', 0),
(23, 5, 'ANANAS', 0),
(24, 5, 'LITCHI', 0),
(25, 5, 'KIWAN', 0),
(26, 6, 'TYRANNOSAURUS', 0),
(27, 6, 'TRICERATOPS', 0),
(28, 6, 'PTERODACTYL', 0),
(29, 6, 'SPINOSAURUS', 0),
(30, 6, 'BRACHIOSAURUS', 0),
(31, 7, 'ZEUS', 0),
(32, 7, 'ATHENA', 0),
(33, 7, 'POSEIDON', 0),
(34, 7, 'APHRODITE', 0),
(35, 7, 'HADES', 0),
(36, 7, 'HERCULE', 0),
(37, 7, 'MEDUSE', 0),
(39, 8, 'MICROPROCESSEUR', 0),
(40, 8, 'INTELLIGENCE', 0),
(41, 8, 'CIRCUIT', 0),
(42, 8, 'PROGRAMMATION', 0),
(63, 9, 'MYSTERE', 0),
(62, 9, 'CODE', 0),
(61, 9, 'CLEF', 0),
(60, 9, 'LABYRINTHE', 0),
(59, 9, 'PIEGE', 0),
(58, 9, 'SECRET', 0),
(57, 9, 'ENQUETE', 0);

-- --------------------------------------------------------

--
-- Structure de la table `scores`
--

DROP TABLE IF EXISTS `scores`;
CREATE TABLE IF NOT EXISTS `scores` (
  `id` int NOT NULL AUTO_INCREMENT,
  `user_id` int NOT NULL,
  `grid_id` int NOT NULL,
  `score` int NOT NULL,
  `duration_seconds` int NOT NULL,
  `played_at` timestamp NULL DEFAULT CURRENT_TIMESTAMP,
  PRIMARY KEY (`id`),
  KEY `user_id` (`user_id`),
  KEY `grid_id` (`grid_id`)
) ENGINE=MyISAM AUTO_INCREMENT=21 DEFAULT CHARSET=utf8mb4 COLLATE=utf8mb4_unicode_ci;

--
-- Déchargement des données de la table `scores`
--

INSERT INTO `scores` (`id`, `user_id`, `grid_id`, `score`, `duration_seconds`, `played_at`) VALUES
(1, 1, 3, 895, 105, '2025-11-30 22:12:37'),
(2, 1, 3, 996, 4, '2025-11-30 22:19:32'),
(3, 1, 3, 986, 14, '2025-11-30 23:14:06'),
(4, 1, 3, 977, 23, '2025-11-30 23:34:40'),
(5, 1, 3, 992, 8, '2025-11-30 23:36:09'),
(6, 1, 3, 974, 26, '2025-11-30 23:40:53'),
(7, 1, 3, 987, 13, '2025-11-30 23:48:04'),
(8, 1, 3, 989, 11, '2025-11-30 23:55:13'),
(9, 1, 3, 974, 26, '2025-11-30 23:56:00'),
(10, 1, 3, 973, 27, '2025-12-01 08:12:05'),
(11, 1, 3, 989, 11, '2025-12-01 08:29:48'),
(12, 1, 3, 995, 5, '2025-12-01 08:35:36'),
(13, 3, 3, 985, 15, '2025-12-01 08:54:08'),
(14, 3, 3, 987, 13, '2025-12-01 14:33:09'),
(15, 3, 3, 995, 5, '2025-12-01 15:28:09'),
(16, 1, 3, 989, 11, '2025-12-01 15:30:04'),
(17, 1, 3, 997, 3, '2025-12-01 15:30:40'),
(18, 4, 3, 974, 26, '2025-12-01 15:51:08'),
(19, 4, 3, 989, 11, '2025-12-01 15:51:42'),
(20, 8, 3, 979, 21, '2025-12-01 18:40:08');

-- --------------------------------------------------------

--
-- Structure de la table `users`
--

DROP TABLE IF EXISTS `users`;
CREATE TABLE IF NOT EXISTS `users` (
  `id` int NOT NULL AUTO_INCREMENT,
  `email` varchar(191) COLLATE utf8mb4_unicode_ci NOT NULL,
  `name` varchar(100) COLLATE utf8mb4_unicode_ci NOT NULL,
  `password_hash` varchar(255) COLLATE utf8mb4_unicode_ci NOT NULL,
  `role` enum('USER','ADMIN') COLLATE utf8mb4_unicode_ci NOT NULL DEFAULT 'USER',
  `consent` tinyint(1) NOT NULL DEFAULT '0',
  `created_at` timestamp NULL DEFAULT CURRENT_TIMESTAMP,
  PRIMARY KEY (`id`),
  UNIQUE KEY `email` (`email`)
) ENGINE=InnoDB AUTO_INCREMENT=9 DEFAULT CHARSET=utf8mb4 COLLATE=utf8mb4_unicode_ci;

--
-- Déchargement des données de la table `users`
--

INSERT INTO `users` (`id`, `email`, `name`, `password_hash`, `role`, `consent`, `created_at`) VALUES
(1, 'admin@mots.com', 'Admin', '$2b$10$xqO28sZhfdGLZawEzRtPyep4VfQatFRySlnkLu/kBmP6zCe3g03xa', 'ADMIN', 1, '2025-11-26 10:35:01'),
(2, 'test@test.com', 'Test', '$2b$10$xqO28sZhfdGLZawEzRtPyep4VfQatFRySlnkLu/kBmP6zCe3g03xa', 'USER', 1, '2025-11-26 13:13:19'),
(3, 'lolaokry@gmail.com', 'Lola', '$2b$10$bi5mb5FpooLwePdvM42e2..JY9MfFtFv1NOMWXLIhWwsc./4WRFRS', 'USER', 0, '2025-11-26 13:52:20'),
(4, 'caca@dfdfdfdfd.com', 'El Osta', '$2b$10$tiUE60Swm2eMzMRj/oa0EuBRVkTbji3tmNeJGlofW8kmmuiSFef6O', 'USER', 1, '2025-12-01 15:48:56'),
(5, 'Manel@educentre.fr', 'Manel', '$2b$10$E1Saakw6D1y7BUt44gZ5HOxkv58.4G4LnAc0M26uBS5WIWSuuK7RG', 'ADMIN', 1, '2025-12-01 15:59:58'),
(8, 'maelle@gmail.com', 'Maelle', '$2b$10$oJxA1P7oPkXSR7T4Cc65i...j7AtZuFlcqaeZKaKeZIWr97GMvYDC', 'USER', 1, '2025-12-01 18:30:00');
COMMIT;

/*!40101 SET CHARACTER_SET_CLIENT=@OLD_CHARACTER_SET_CLIENT */;
/*!40101 SET CHARACTER_SET_RESULTS=@OLD_CHARACTER_SET_RESULTS */;
/*!40101 SET COLLATION_CONNECTION=@OLD_COLLATION_CONNECTION */;
